"Rank","SelectionTier","SourceRowIndex","company","RecruitPostName","BusinessLine","LocationName","LastUpdateTime","PostURL","ModelScore","ModelVerdict","ManualMatchReason","PotentialGap","Responsibility","Requirement"
"1","谨慎补位","PR023937","拼多多","Agent智能服务产品经理","产品类","上海","2026-05-17","https://careers.pddglobalhr.com/jobs/detail?code=PR023937","74","partial","和你当前最接近的一条，能直接承接 AI/Agent 产品 0-1、工作流编排、评测闭环和跨团队推进的主线叙事；虽然场景转到电商智能服务，但至少核心方法论可复用。","缺少电商消费/商家服务场景沉淀，需要提前补客服与服务链路、商家诉求、互联网快节奏环境适配。","1. 负责智能聊天机器人、智能服务工作台等智能化产品的规划和落地，推动Agent在真实消费者场景中持续迭代2. 面向消费者体验问题，通过机器人解决、机器人辅助人工解决等形式，革新解决能力3. 面向商家服务场景，通过机器人解决、机器人辅助商家等形式，提升商家售前售后解决能力4. 联合业务、算法、工程团队一起优化端到端的智能服务体验，对用户满意度负责","1. 1年以上互联网产品经验，电商/服务/B端方向皆可，不要求大模型背景。2. 逻辑清楚，数据敏感。有独立拆解复杂问题的能力。3. 具备高度的责任心和较强的自我驱动力、抗压能力，善于合作，善于协调和调度资源推动业务发展。"
"2","谨慎补位","PR021574","拼多多","智能客服产品经理","产品类","上海","2026-06-03","https://careers.pddglobalhr.com/jobs/detail?code=PR021574","68","partial","能复用 AI 产品 0-1、LLM/Agent 应用和跨部门推进经验，面试里可以围绕智能问答、流程自动化、辅助决策和服务效率提升来讲。","缺少电商客服和 C 端服务体验经验，需要补客服指标、会话链路、工单闭环与服务体验理解。","1、负责电商平台的智能客服系统产品设计，构建高效和智能化的服务流程，提升消费者服务体验；

2、深入分析消费者求助问题，设计并实现全链路智能化的服务体验，包括：平台售后机器人、售前商家机器人等智能化产品实现；

3、负责语言大模型对话能力的产品应用落地，以提高智能客服的自动化、智能化和个性化，实现多语言语种、全球市场都得到优质服务体验；

4.对相关业务数据负责，结合算法模型能力，给出可执行的解决方案；

5. 把控进度，协调资源，保证模块迭代优化效果。","1. 对大模型、人工智能感兴趣，或有相关经验；

2. 有较强的学习能力，创新能力，和部门协作与沟通能力；

3. 具备较强的数据敏感性、逻辑思维能力强。"
"3","谨慎补位","PR013536","拼多多","产品经理-企业信息化平台","产品类","上海","2026-04-01","https://careers.pddglobalhr.com/jobs/detail?code=PR013536","68","partial","企业内部平台、流程提效、中后台产品经验最容易承接，和你已有企业 AI 平台及内部协同场景的叙事衔接顺滑，适合保底补位。","岗位更偏传统企业信息化平台，AI亮点没有前两条强，同时要准备 OA/ERP 类能力和年限追问。","1、负责公司企业信息化产品的需求分析，业务流程梳理，产品方案规划设计，交互和原型设计，最终产出详细的PRD文档；2、负责与业务、设计等各环节沟通协调，向开发人员讲解业务需求，确保产品功能被正确、及时的交付，并控制项目进度；3、依据需求分析文档，对技术开发结果进行需求验证，跟进产品发布；4、产品效果的持续跟踪和监控、产品持续迭代优化等；5、承担面向内部的正式场合培训用户工作。","1、本科以上学历，3年以上产品经理工作经验，主导过互联网产品全生命周期的管理。有企业信息化产品（如OA, E-HR, ERP等）的产品和项目管理经验优先；2、思维敏捷，性格开朗，责任感强，工作积极主动，具备学习意识，有良好的团队协作意识；3、具备沟通协调, 项目推进,文档书写等产品岗位能力；能够熟练应用制图工具完成产品原型、流程图、PRD文档编辑，能够熟练使用Jira, Wiki管理项目进度和项目文档。"
"4","可选备投","PR023594","拼多多","平台服务B端产品经理","产品类","上海","2026-06-05","https://careers.pddglobalhr.com/jobs/detail?code=PR023594","57","weak","B 端平台与中台抽象能力可以复用，能讲流程搭建、能力平台化、规则设计和跨团队推进。","客服/呼叫中心行业经验不足，岗位业务经验要求更重，只建议作为备投。","1.负责平台客服工具类产品的规划迭代及运营工作，对产品的效果负责；

2.主动与业务、数据、工程、算法等团队密切合作，输出产品化、智能化的产品方案解决业务痛点问题，提升客服的服务效率。","1.3年以上客服（呼叫中心）行业产品经验，有过智能客服工作台、工单系统、呼叫中心、质检、外包管理等模块的项目经验优先；

2.具备优秀的逻辑思维能力，善于系统性思考，抽象简化复杂问题；

3.项目中能够独当一面，具备优秀的沟通能力和跨团队合作能力、较强的抗压能力；

4.经历过客服中台能力建设及应用项目的优先，大型客服中心（千人以上或多业态客服）供职经历优先。"
"5","可选备投","PR016472","拼多多","策略中台高级产品经理","产品类","上海","2026-05-27","https://careers.pddglobalhr.com/jobs/detail?code=PR016472","56","weak","中台、策略抽象、AI能力复用能接上一部分，适合作为次优备选保留。","电商客服策略场景缺口明显，且高级岗位对年限和行业经验要求偏高。","1. 负责拼多多客服业务智能策略相关的基础产品和架构设计，以此支撑消费者售中/售后问题的智能、准确、高效解决；

2. 负责消费者售中/售后问题自动化策略流程、半自动化策略流程的流程编排设计、基础产品规划等；

3. 负责承接业务团队针对消费者各问题场景的策略需求，保障业务策略的高效、严谨落地；

4. 对策略中台的简洁性易用性、健康完善度负责，保证策略中台的架构清晰、逻辑严谨以及多业务场景的敏捷接入。","1. 3-5年产品经理工作经验，至少1年以上中台产品规划工作经验，有客服业务、消费者服务相关履历的优先考虑；

2. 拥有计算机等理工类专业背景、互联网电商相关行业背景；

3. 具备优秀的产品设计和逻辑思维能力，擅长架构设计和问题抽象；

4. 拥有严谨的工作态度和高度的责任心，对系统的严谨和鲁棒能保持持久高度关心。"
"6","可选备投","PR023782","拼多多","Agent策略产品经理","产品类","上海","2026-05-17","https://careers.pddglobalhr.com/jobs/detail?code=PR023782","54","weak","标题和你的主线最像，方便从 Agent 设计、工作流、评测闭环和产品工程理解切入。","实际业务仍偏电商商品治理和平台策略，缺少对应业务沉淀，只适合少量投递。","1. 负责特定业务领域的策略制定，完成从复杂问题诊断、根因分析到长效解决方案设计的全链路工作，推动体验问题的系统化解决；2. 构建可复用的包含商品特征、商家行为、行业类目的知识库与案例库；3. 负责设计证据收集与验证机制，为责任判定提供可信依据，平衡消费者体验与商家体验；4. 设计差异化策略，通过产品化工具帮助商家自我诊断、优化商品信息与服务流程。","- 3-5年电商平台及相关领域产品经验，有商品治理、agent深度工作应用相关经验者优先考虑；- 熟悉电商生态，对商家经营、消费者心理、平台规则有深刻理解；- 具备优秀的逻辑推理能力、问题抽象能力、策略制定能力、系统设计能力，能独立完成策略从0到1的构建；- 具备较强的沟通能力与项目推动力，较强的抗压能力。"
"7","可选备投","PR022880","拼多多","产品经理（规则策略）","产品类","上海","2026-05-21","https://careers.pddglobalhr.com/jobs/detail?code=PR022880","54","weak","可以借审核/规则设计相关经验去讲规则引擎、策略配置和风险控制思路，作为低优先级补位尚可。","不是你的核心主线，且电商规则治理经验不足，优先级应放在最后。","1、负责电商平台规则系统的设计、规划和策略制定；

2、根据法律法规要求、搭建与商品安全合规相关的规则体系和系统；

3、与相关团队合作，制定数据识别策略、建立并完善规则识别系统，提升风险识别系统能力；

4、对审核系统进行设计和落地，制定和优化审核策略，提升审核效率和准确率。","1、本科及以上学历，2 年以上产品经理经验，有中后台产品规划落地经验（规则、风控策略背景优先）；

2、具备良好的逻辑和抽象能力，较好的风险敏锐度、以及持续高效的学习能力，能够从实战中不断总结经验；

3、优秀的沟通协调能力和高效的推动项目落地能力。"
